Week Start,Top Song,Top Song Artist,Top Song Minutes,Total Minutes Played,Avg Tempo (Weighted),Avg Danceability (Weighted),Lowest Tempo Song,Lowest Tempo Artist,Lowest Tempo,Lowest Tempo Danceability,Lowest Danceability Song,Lowest Danceability Artist,Lowest Danceability,Lowest Danceability Tempo,Highest Tempo Song,Highest Tempo Artist,Highest Tempo,Highest Tempo Danceability,Highest Danceability Song,Highest Danceability Artist,Highest Danceability,Highest Danceability Tempo,Tracks With Features,Total Tracks
2018-06-04,Wolke 4,Philipp Dittberner,23.41,248.34,129.0,0.653,Hör auf deine Freunde,Montreal,75.01,0.543,Before You Go,ITCHY,0.358,148.98,Schockverliebt,Jennifer Rostock,179.73,0.44,Vultures,John Mayer,0.881,97.81,53,70
2018-06-11,Eure Mädchen,Kraftklub,52.1,675.17,146.77,0.556,Hör auf deine Freunde,Montreal,75.01,0.543,Alles war aus Gold,Bakkushan,0.396,203.91,Alles war aus Gold,Bakkushan,203.91,0.396,Shape of You,Ed Sheeran,0.825,95.98,28,38
2018-06-18,My Way,Royal Republic,21.51,109.23,155.75,0.536,Shape of You,Ed Sheeran,95.98,0.825,Scheissindiedisko,Kraftklub,0.475,160.99,My Way,Royal Republic,171.92,0.519,Shape of You,Ed Sheeran,0.825,95.98,13,18
2018-06-25,I Am Believing,CraftBattleDuty,4.84,33.26,131.53,0.58,Hör auf deine Freunde,Montreal,75.01,0.543,Ritalin/Medikinet,Kraftklub,0.43,159.11,Scheissindiedisko,Kraftklub,160.99,0.475,Cake By The Ocean,DNCE,0.774,119.0,9,11
2018-07-02,Rainbows in the Dark,Rockit Music,55.02,199.2,156.31,0.534,Hör auf deine Freunde,Montreal,75.01,0.543,Ritalin/Medikinet,Kraftklub,0.43,159.11,Schockverliebt,Jennifer Rostock,179.73,0.44,Shape of You,Ed Sheeran,0.825,95.98,18,23
2018-07-09,My Way,Royal Republic,22.83,50.77,168.72,0.505,Eure Mädchen,Kraftklub,163.01,0.479,Eure Mädchen,Kraftklub,0.479,163.01,My Way,Royal Republic,171.92,0.519,My Way,Royal Republic,0.519,171.92,2,3
2018-07-16,My Way,Royal Republic,32.16,94.55,169.2,0.502,Eure Mädchen,Kraftklub,163.01,0.479,Eure Mädchen,Kraftklub,0.479,163.01,Beyblade auf der ganzen Welt (Beyblade),Anime Allstars,184.03,0.481,My Way,Royal Republic,0.519,171.92,3,9
2018-07-23,Rainbows in the Dark,Rockit Music,32.6,197.65,156.82,0.507,High Times,Royal Republic,94.96,0.7,Gefahr,Bakkushan,0.325,220.04,Gefahr,Bakkushan,220.04,0.325,High Times,Royal Republic,0.7,94.96,38,41
2018-09-03,Kyouran Hey Kids!!,THE ORAL CIGARETTES,10.74,22.22,143.34,0.455,"Rising Rainbow (from ""Food Wars: Shokugeki no Soma"")",Jonathan Parecki,97.34,0.328,"Kibou no Uta (from ""Shokugeki no Soma: FOOD WARS!"")",Jonathan Parecki,0.173,176.93,Beyblade auf der ganzen Welt (Beyblade),Anime Allstars,184.03,0.481,"Kyouran Hey Kids (De ""Noragami Aragoto"")",Tragicômico,0.534,141.94,7,11
2018-09-10,Kyouran Hey Kids!!,THE ORAL CIGARETTES,0.5,0.5,142.02,0.526,Kyouran Hey Kids!!,THE ORAL CIGARETTES,142.02,0.526,Kyouran Hey Kids!!,THE ORAL CIGARETTES,0.526,142.02,Kyouran Hey Kids!!,THE ORAL CIGARETTES,142.02,0.526,Kyouran Hey Kids!!,THE ORAL CIGARETTES,0.526,142.02,1,1
2018-09-24,Kyouran Hey Kids!!,THE ORAL CIGARETTES,5.55,48.68,133.27,0.567,Getting Along,Royal Republic,94.01,0.528,Goya No Machiawase,Hello Sleepwalkers,0.406,94.28,Eure Mädchen,Kraftklub,163.01,0.479,Cake By The Ocean,DNCE,0.774,119.0,11,13
2018-10-01,Kyouran Hey Kids!!,THE ORAL CIGARETTES,3.88,3.88,142.02,0.526,Kyouran Hey Kids!!,THE ORAL CIGARETTES,142.02,0.526,Kyouran Hey Kids!!,THE ORAL CIGARETTES,0.526,142.02,Kyouran Hey Kids!!,THE ORAL CIGARETTES,142.02,0.526,Kyouran Hey Kids!!,THE ORAL CIGARETTES,0.526,142.02,1,1
2018-11-19,Deine Gang,Kraftklub,31.52,262.25,136.22,0.579,Hör auf deine Freunde,Montreal,75.01,0.543,Goya No Machiawase,Hello Sleepwalkers,0.406,94.28,Get the Party Started,Dick Brave & The Backbeats,181.79,0.431,Cuphead Rap,JT Music,0.902,114.96,25,35
2018-11-26,Getting Along,Royal Republic,26.77,31.32,95.95,0.527,Getting Along,Royal Republic,94.01,0.528,Kung Fu Lovin',Royal Republic,0.468,140.14,My Little RnR,Danko Jones,141.96,0.593,My Little RnR,Danko Jones,0.593,141.96,3,6
2018-12-03,Getting Along,Royal Republic,0.46,0.46,94.01,0.528,Getting Along,Royal Republic,94.01,0.528,Getting Along,Royal Republic,0.528,94.01,Getting Along,Royal Republic,94.01,0.528,Getting Along,Royal Republic,0.528,94.01,1,1
2018-12-17,Getting Along,Royal Republic,64.64,90.39,108.46,0.527,Getting Along,Royal Republic,94.01,0.528,Eure Mädchen,Kraftklub,0.479,163.01,My Way,Royal Republic,171.92,0.519,Deine Gang,Kraftklub,0.606,140.98,4,5
2018-12-24,Getting Along,Royal Republic,6.52,6.52,94.01,0.528,Getting Along,Royal Republic,94.01,0.528,Getting Along,Royal Republic,0.528,94.01,Getting Along,Royal Republic,94.01,0.528,Getting Along,Royal Republic,0.528,94.01,1,1
2019-01-14,Deine Gang,Kraftklub,17.97,61.47,141.08,0.548,Getting Along,Royal Republic,94.01,0.528,Eure Mädchen,Kraftklub,0.479,163.01,My Way,Royal Republic,171.92,0.519,Deine Gang,Kraftklub,0.606,140.98,4,5
2019-01-21,Deine Gang,Kraftklub,4.12,23.62,112.08,0.613,Become Legend (Destiny Rap),NemRaps,85.38,0.646,My Way,Royal Republic,0.519,171.92,My Way,Royal Republic,171.92,0.519,High Times,Royal Republic,0.7,94.96,5,8
2019-02-04,Galway Girl,Ed Sheeran,0.52,0.52,99.94,0.624,Galway Girl,Ed Sheeran,99.94,0.624,Galway Girl,Ed Sheeran,0.624,99.94,Galway Girl,Ed Sheeran,99.94,0.624,Galway Girl,Ed Sheeran,0.624,99.94,1,1
2019-02-11,Don't Stop (Color on the Walls),Foster The People,2.92,3.31,132.18,0.619,Waste,Foster The People,125.98,0.681,Don't Stop (Color on the Walls),Foster The People,0.611,133.0,Don't Stop (Color on the Walls),Foster The People,133.0,0.611,Waste,Foster The People,0.681,125.98,2,2
2019-02-25,Don't Stop (Color on the Walls),Foster The People,6.2,6.2,133.0,0.611,Don't Stop (Color on the Walls),Foster The People,133.0,0.611,Don't Stop (Color on the Walls),Foster The People,0.611,133.0,Don't Stop (Color on the Walls),Foster The People,133.0,0.611,Don't Stop (Color on the Walls),Foster The People,0.611,133.0,1,1
2019-03-11,Looking Like This,Lyre Le Temps,32.09,109.93,111.71,0.714,Goodbye,Lyre Le Temps,87.72,0.529,Rock'n Roll,Lyre Le Temps,0.519,154.03,Rock'n Roll,Lyre Le Temps,154.03,0.519,Word Up,Lyre Le Temps,0.79,114.99,9,9
2019-03-25,Deine Gang,Kraftklub,4.05,12.31,145.15,0.54,Getting Along,Royal Republic,94.01,0.528,Eure Mädchen,Kraftklub,0.479,163.01,My Way,Royal Republic,171.92,0.519,Deine Gang,Kraftklub,0.606,140.98,4,4
2019-04-08,Six Shooter,Coyote Kisses,67.92,67.92,161.92,0.515,Six Shooter,Coyote Kisses,161.92,0.515,Six Shooter,Coyote Kisses,0.515,161.92,Six Shooter,Coyote Kisses,161.92,0.515,Six Shooter,Coyote Kisses,0.515,161.92,1,1
2019-04-22,All Star,Smash Mouth,99.29,106.93,104.79,0.729,All Star,Smash Mouth,104.02,0.731,Six Shooter,Coyote Kisses,0.515,161.92,Six Shooter,Coyote Kisses,161.92,0.515,All Star,Smash Mouth,0.731,104.02,3,4
2019-04-29,"Take Me Home, Country Roads - Rerecorded",John Denver,92.31,92.31,,,,,,,,,,,,,,,,,,,0,1
2019-05-20,"Take Me Home, Country Roads - Rerecorded",John Denver,2.78,2.78,,,,,,,,,,,,,,,,,,,0,1
2019-07-29,All Falls Down (feat. Juliander),Alan Walker,3.31,11.63,123.85,0.634,On My Way,Illijah,68.51,0.372,On My Way,Illijah,0.372,68.51,The Spectre,Alan Walker,127.96,0.654,The Spectre,Alan Walker,0.654,127.96,2,5
2019-08-26,Allein zu Haus,Julien Bam,5.89,20.77,,,,,,,,,,,,,,,,,,,0,9
2019-09-02,Warum warum (Supraland Credits Song),Con Fetti Pesto,6.4,6.4,,,,,,,,,,,,,,,,,,,0,1
2019-10-14,The Wolf,SIAMES,3.11,7.2,105.03,0.557,Gimme Some Sweet,SIAMES,79.93,0.379,B.I.T.M.,SIAMES,0.373,81.46,The Cave,SIAMES,140.03,0.494,Mr. Fear,SIAMES,0.638,107.99,9,9
2020-03-09,Bad Apple!!,RichaadEB,3.76,3.76,,,,,,,,,,,,,,,,,,,0,1
2020-04-06,The Quiet Earth,Thomas Barrandon,0.51,0.51,95.51,0.42,The Quiet Earth,Thomas Barrandon,95.51,0.42,The Quiet Earth,Thomas Barrandon,0.42,95.51,The Quiet Earth,Thomas Barrandon,95.51,0.42,The Quiet Earth,Thomas Barrandon,0.42,95.51,1,1
2020-08-10,BRN,AViVA,0.36,0.36,79.9,0.573,BRN,AViVA,79.9,0.573,BRN,AViVA,0.573,79.9,BRN,AViVA,79.9,0.573,BRN,AViVA,0.573,79.9,1,1
2021-07-26,Haben wir noch Pepps?,j1mbo,0.64,0.64,128.02,0.751,Haben wir noch Pepps?,j1mbo,128.02,0.751,Haben wir noch Pepps?,j1mbo,0.751,128.02,Haben wir noch Pepps?,j1mbo,128.02,0.751,Haben wir noch Pepps?,j1mbo,0.751,128.02,1,1
2021-12-20,Sex Party,Ferdinand fka Left Boy,122.91,1179.04,134.79,0.658,They Don't Care About Us,Matty Carter + Ariel,60.51,0.459,"Soldier, Poet, King",The Oh Hellos,0.347,117.96,Alastor's Game,The Living Tombstone,200.08,0.405,The Real Slim Shady,Eminem,0.949,104.5,70,94
2021-12-27,Go Godzilla On Ya Frikkn City,TJ_beastboy,39.66,784.17,130.25,0.686,"AN ALLE, DIE DAS FÜHLEN",TJ_beastboy,72.94,0.684,"Soldier, Poet, King",The Oh Hellos,0.347,117.96,Morirò da Re,Måneskin,193.79,0.605,The Real Slim Shady,Eminem,0.949,104.5,60,83
2022-01-03,Vampire,Ferdinand fka Left Boy,37.96,598.37,131.34,0.709,DEAD BEATS,Mori Calliope,75.43,0.664,"Soldier, Poet, King",The Oh Hellos,0.347,117.96,Morirò da Re,Måneskin,193.79,0.605,The Real Slim Shady,Eminem,0.949,104.5,72,94
2022-01-10,Superstar,Ferdinand fka Left Boy,51.4,951.21,126.79,0.684,They Don't Care About Us,Matty Carter + Ariel,60.51,0.459,"Soldier, Poet, King",The Oh Hellos,0.347,117.96,Morirò da Re,Måneskin,193.79,0.605,The Real Slim Shady,Eminem,0.949,104.5,75,100
2022-01-17,I'm Not Cool,Sohodolls,58.8,1173.3,122.41,0.697,DEAD BEATS,Mori Calliope,75.43,0.664,"Soldier, Poet, King",The Oh Hellos,0.347,117.96,Morirò da Re,Måneskin,193.79,0.605,The Real Slim Shady,Eminem,0.949,104.5,89,121
2022-01-24,Sweet Goodbye,Ferdinand fka Left Boy,32.52,1323.81,132.08,0.678,DEAD BEATS,Mori Calliope,75.43,0.664,"Soldier, Poet, King",The Oh Hellos,0.347,117.96,Morirò da Re,Måneskin,193.79,0.605,The Real Slim Shady,Eminem,0.949,104.5,78,117
2022-01-31,"wanting, getting, wanting",DEMONDICE,144.89,992.8,119.42,0.713,DEAD BEATS,Mori Calliope,75.43,0.664,"Soldier, Poet, King",The Oh Hellos,0.347,117.96,Morirò da Re,Måneskin,193.79,0.605,The Real Slim Shady,Eminem,0.949,104.5,79,117
2022-02-07,fake ass gold,DEMONDICE,50.67,1674.74,125.37,0.693,DEAD BEATS,Mori Calliope,75.43,0.664,Back In Black,AC/DC,0.31,188.39,Morirò da Re,Måneskin,193.79,0.605,The Real Slim Shady,Eminem,0.949,104.5,99,157
2022-02-14,Crazy Rap (Colt 45 & 2 Zig Zags),Afroman,167.55,1413.51,119.3,0.709,DEAD BEATS,Mori Calliope,75.43,0.664,"Soldier, Poet, King",The Oh Hellos,0.347,117.96,Morirò da Re,Måneskin,193.79,0.605,Palmdale,Afroman,0.974,118.0,101,145
2022-02-21,We Don't Talk About Bruno,Carolina Gaitán,50.81,1107.56,120.29,0.723,Bloody Well Right,Supertramp,75.5,0.575,We Shall Sail Together - Original Game Soundtrack,Sea of Thieves,0.441,143.99,I Want You Back,The Jackson 5,196.61,0.469,The Real Slim Shady,Eminem,0.949,104.5,104,150
2022-02-28,(Stay) True,Lars Eriksson,126.44,788.09,120.1,0.721,"We All Lift Together (From ""Warframe"")",Keith Power,67.18,0.581,"Steal from the Rich, Give to Myself",Simon Viklund,0.471,126.07,Morirò da Re,Måneskin,193.79,0.605,The Real Slim Shady,Eminem,0.949,104.5,98,135
2022-03-07,Hot,Confetti,132.46,1034.85,133.54,0.737,"We All Lift Together (From ""Warframe"")",Keith Power,67.18,0.581,Eure Mädchen,Kraftklub,0.479,163.01,Red,Mori Calliope,175.81,0.501,No Hope (The Frog Song),Robert Grace,0.939,126.01,61,85
2022-03-14,Rob A Bank,Confetti,107.74,1499.14,129.81,0.692,"We All Lift Together (From ""Warframe"")",Keith Power,67.18,0.581,Love,Physika,0.307,75.36,Morirò da Re,Måneskin,193.79,0.605,No Hope (The Frog Song),Robert Grace,0.939,126.01,76,93
2022-03-21,Dear God,Confetti,84.98,1187.79,124.75,0.697,They Don't Care About Us,Matty Carter + Ariel,60.51,0.459,They Don't Care About Us,Matty Carter + Ariel,0.459,60.51,Morirò da Re,Måneskin,193.79,0.605,No Hope (The Frog Song),Robert Grace,0.939,126.01,65,79
2022-03-28,Guilty Pleasures,Confetti,127.28,1269.12,117.99,0.707,"We All Lift Together (From ""Warframe"")",Keith Power,67.18,0.581,Eure Mädchen,Kraftklub,0.479,163.01,Morirò da Re,Måneskin,193.79,0.605,No Hope (The Frog Song),Robert Grace,0.939,126.01,57,72
2022-04-04,The Bidding,Tally Hall,154.94,927.85,133.93,0.655,Dangerous,Royal Deluxe,79.14,0.516,Eure Mädchen,Kraftklub,0.479,163.01,Morirò da Re,Måneskin,193.79,0.605,No Hope (The Frog Song),Robert Grace,0.939,126.01,50,69
2022-04-11,Tom's Diner,AnnenMayKantereit,32.58,704.66,127.56,0.682,DEAD BEATS,Mori Calliope,75.43,0.664,"Soldier, Poet, King",The Oh Hellos,0.347,117.96,Morirò da Re,Måneskin,193.79,0.605,The Real Slim Shady,Eminem,0.949,104.5,111,150
2022-04-18,Rhythm Kitchen (feat. D Smoke),Rare Americans,31.06,560.3,128.87,0.715,"We All Lift Together (From ""Warframe"")",Keith Power,67.18,0.581,Eure Mädchen,Kraftklub,0.479,163.01,Fireflies,Owl City,180.11,0.512,No Hope (The Frog Song),Robert Grace,0.939,126.01,45,60
2022-04-25,Boof Pack,Lord Aethelstan,622.23,1007.81,139.79,0.778,take the bait,DEMONDICE,77.96,0.697,Kickstart My Heart,Mötley Crüe,0.363,179.23,Fireflies,Owl City,180.11,0.512,No More ?'s,Eazy-E,0.935,105.64,37,46
2022-05-02,Disco! in the Panic Room,Bug Hunter,1292.55,1927.81,95.2,0.765,Point to Prove (I Was an Ugly Kid),Bug Hunter,73.97,0.669,Eure Mädchen,Kraftklub,0.479,163.01,Fireflies,Owl City,180.11,0.512,No More ?'s,Eazy-E,0.935,105.64,38,49
2022-05-09,踊,Ado,168.74,1287.88,125.4,0.654,/ / // / /,x0o0x_,65.08,0.529,千両役者,King Gnu,0.33,100.15,テレキャスタービーボーイ(long ver.),Chogakusei,182.0,0.588,No Hope (The Frog Song),Robert Grace,0.939,126.01,96,128
2022-05-16,It's a Monday,Lolnein,1013.54,2193.6,126.83,0.721,DEAD BEATS,Mori Calliope,75.43,0.664,Sun//Eater,Lorna Shore,0.245,139.78,Sunset,Welyn,203.83,0.574,No Hope (The Frog Song),Robert Grace,0.939,126.01,95,127
2022-05-23,1975,Silent Child,691.39,3002.13,111.92,0.683,Clouds,Ajmw,62.99,0.661,"Soldier, Poet, King",The Oh Hellos,0.347,117.96,Sunset,Welyn,203.83,0.574,The Real Slim Shady,Eminem,0.949,104.5,144,203
2022-05-30,Mind Brand,Kuraiinu,71.95,393.17,114.63,0.705,"We All Lift Together (From ""Warframe"")",Keith Power,67.18,0.581,"Soldier, Poet, King",The Oh Hellos,0.347,117.96,Sunset,Welyn,203.83,0.574,No Hope (The Frog Song),Robert Grace,0.939,126.01,31,37
2022-06-06,The Moss,Cosmo Sheldrake,20.23,829.05,130.32,0.681,"We All Lift Together (From ""Warframe"")",Keith Power,67.18,0.581,"Soldier, Poet, King",The Oh Hellos,0.347,117.96,Sunset,Welyn,203.83,0.574,The Real Slim Shady,Eminem,0.949,104.5,114,157
2022-06-13,Beichte,Julien Bam,148.51,1238.01,125.15,0.718,"We All Lift Together (From ""Warframe"")",Keith Power,67.18,0.581,"Soldier, Poet, King",The Oh Hellos,0.347,117.96,Sunset,Welyn,203.83,0.574,The Real Slim Shady,Eminem,0.949,104.5,130,173
2022-06-20,Break My Heart,Dua Lipa,96.0,768.01,124.9,0.717,"We All Lift Together (From ""Warframe"")",Keith Power,67.18,0.581,Boku no Sensou,Shinsei Kamattechan,0.473,144.01,Sunset,Welyn,203.83,0.574,The Real Slim Shady,Eminem,0.949,104.5,112,144
2022-06-27,Bruises,Fox Stevenson,493.27,2384.22,144.75,0.607,"We All Lift Together (From ""Warframe"")",Keith Power,67.18,0.581,I'm Not Ok,Weathers,0.397,177.93,Hate Myself,Bryce Fox,204.0,0.419,The Real Slim Shady,Eminem,0.949,104.5,200,261
2022-07-04,Bloodshot,Sam Tinnesz,113.89,748.04,135.28,0.647,Dangerous,Royal Deluxe,79.14,0.516,Happy Face,Jagwar Twin,0.417,177.55,Happy Face,Jagwar Twin,177.55,0.417,Another One Bites The Dust - Remastered 2011,Queen,0.933,109.97,23,32
2022-07-11,Balloons,Confetti,121.13,574.0,123.1,0.688,1975,Silent Child,74.95,0.625,Welcome to the Black Parade,My Chemical Romance,0.217,96.95,Morirò da Re,Måneskin,193.79,0.605,Boof Pack,Lord Aethelstan,0.912,140.04,95,119
2022-07-18,Ballroom Blitz,The Struts,85.84,1255.73,128.21,0.641,The Makings of You,Curtis Mayfield,76.45,0.367,All Die Young,Smith Westerns,0.269,145.86,The Ketchup Song (Aserejé) - Spanish Version,Las Ketchup,184.98,0.602,Another One Bites The Dust - Remastered 2011,Queen,0.933,109.97,58,73
2022-07-25,Major Tom (Coming Home),Peter Schilling,33.65,540.67,132.04,0.648,Ganja Smoka,Benjie,82.02,0.695,No More Heroes - 1996 Remaster,The Stranglers,0.293,150.99,Call Me When You Want Call Me When You Need,DJ Gotta,178.96,0.73,No More ?'s,Eazy-E,0.935,105.64,70,88
2022-08-01,Blue Monday,Prismo,196.78,858.14,126.35,0.623,Klick,GReeeN,80.03,0.66,Open Up Your Eyes,RIP Kenny,0.259,147.6,Tough Guy,Beastie Boys,191.33,0.269,Cool,Sadie,0.936,100.03,77,104
2022-08-08,ERROR143,kroh,638.71,1262.16,140.41,0.647,1975,Silent Child,74.95,0.625,Back In Black,AC/DC,0.31,188.39,Back In Black,AC/DC,188.39,0.31,No Hope (The Frog Song),Robert Grace,0.939,126.01,81,102
2022-08-15,Problems,Jake Daniels,224.95,1254.79,129.25,0.681,1975,Silent Child,74.95,0.625,I Won't,AJR,0.387,161.87,Lily Womp Womp,nihmune,203.72,0.59,No Hope (The Frog Song),Robert Grace,0.939,126.01,60,89
2022-08-22,Problems,Jake Daniels,180.2,2029.64,125.77,0.67,"We All Lift Together (From ""Warframe"")",Keith Power,67.18,0.581,Pour Some Sugar On Me - Remastered 2017,Def Leppard,0.267,84.99,Sunset,Welyn,203.83,0.574,The Real Slim Shady,Eminem,0.949,104.5,187,249
2022-08-29,Stella,Julien Bam,132.65,3025.67,131.99,0.688,"We All Lift Together (From ""Warframe"")",Keith Power,67.18,0.581,Freaks,Surf Curse,0.345,179.63,Sunset,Welyn,203.83,0.574,The Real Slim Shady,Eminem,0.949,104.5,219,294
2022-09-05,Greedy (Altair Arrange),Interlunium,374.36,3089.46,129.05,0.667,"We All Lift Together (From ""Warframe"")",Keith Power,67.18,0.581,"For Those About to Rock (We Salute You) - Live Tushino Airfield, Moscow, Sept. 28, 1991",AC/DC,0.157,138.42,Sunset,Welyn,203.83,0.574,The Real Slim Shady,Eminem,0.949,104.5,192,270
2022-09-12,Anxiety,Julien Bam,114.67,2748.99,129.98,0.668,"We All Lift Together (From ""Warframe"")",Keith Power,67.18,0.581,Send Me An Angel,Scorpions,0.153,80.87,Sunset,Welyn,203.83,0.574,The Real Slim Shady,Eminem,0.949,104.5,241,322
2022-09-19,W.I.T.C.H.,Devon Cole,457.31,3095.84,136.34,0.664,Street Brawling Millionaire,Adam Jensen,73.0,0.586,Suicider,Kennyoung,0.205,183.83,Sunset,Welyn,203.83,0.574,Cool,Sadie,0.936,100.03,120,172
2022-09-26,Liar,Jake Daniels,465.22,2962.24,122.18,0.681,Street Brawling Millionaire,Adam Jensen,73.0,0.586,Scavenger Hunt,P.T. Adamczyk,0.288,177.43,Morirò da Re,Måneskin,193.79,0.605,Cool,Sadie,0.936,100.03,78,110
2022-10-03,Bad Ones,Call Me Karizma,683.9,3600.7,127.28,0.648,Street Brawling Millionaire,Adam Jensen,73.0,0.586,Patience,Hellhills,0.309,169.95,Morirò da Re,Måneskin,193.79,0.605,GIGA MODE,Constera,0.935,124.0,61,82
2022-10-10,Eismann,GReeeN,712.26,3386.71,145.08,0.698,Didn't You,Call Me Karizma,58.42,0.607,Death in Color,Lilac Boy,0.369,86.04,The Show,Jake Daniels,204.06,0.696,No Hope (The Frog Song),Robert Grace,0.939,126.01,142,185
2022-10-17,SIMPLE (feat. I DONT KNOW HOW BUT THEY FOUND ME),DE'WAYNE,424.67,2975.74,124.79,0.704,Street Brawling Millionaire,Adam Jensen,73.0,0.586,Dread,Unlike Pluto,0.309,139.5,Green: SSD,Dagames,190.08,0.404,Gönn dir Parodie (Schluck Schluck),TJ_weakboy,0.945,115.0,86,128
2022-10-24,The Dino Club,Ethan Bortnick,288.18,2013.76,118.91,0.706,Street Brawling Millionaire,Adam Jensen,73.0,0.586,12,kroh,0.283,111.12,Call Me When You Want Call Me When You Need,DJ Gotta,178.96,0.73,Gönn dir Parodie (Schluck Schluck),TJ_weakboy,0.945,115.0,73,101
2022-10-31,SUPERHERO,Aim Vision,292.82,2037.22,118.86,0.685,Baby Queen,Gorillaz,75.01,0.533,Puppet,Silent Child,0.367,145.32,Sinking Sand,Unlike Pluto,196.18,0.372,GET USED TO ME,Aim Vision,0.961,114.99,51,70
2022-11-07,Have You Seen The Moon Tonight?,Aim Vision,569.2,2241.35,125.43,0.691,Mothman,Joh Yoban,74.94,0.612,Poison Pop,Qbomb,0.409,157.08,Eismann,GReeeN,178.05,0.763,GET USED TO ME,Aim Vision,0.961,114.99,69,94
2022-11-14,Serotonin,Call Me Karizma,118.26,1177.6,118.43,0.659,Fool's Gold,His Hero Is Gone,72.58,0.3,Fool's Gold,His Hero Is Gone,0.3,72.58,The Drummer,Red Hot Chili Peppers,174.9,0.536,GET USED TO ME,Aim Vision,0.961,114.99,58,89
2022-11-21,Illuminati,ONICKS,371.55,2031.09,120.66,0.717,Serotonin,Call Me Karizma,77.76,0.47,Dread,Unlike Pluto,0.309,139.5,Sinking Sand,Unlike Pluto,196.18,0.372,Climate Crisis Love Song,Naethan Apollo,0.977,124.02,80,100
2022-11-28,Dead Body,Call Me Karizma,243.05,1877.32,134.41,0.646,1975,Silent Child,74.95,0.625,I Really Want to Stay at Your House - Metal Version,Little V.,0.3,82.71,Sinking Sand,Unlike Pluto,196.18,0.372,Climate Crisis Love Song,Naethan Apollo,0.977,124.02,121,169
2022-12-05,Untouchable (feat. Call Me Karizma),Futuristic,276.41,1617.79,136.97,0.596,Make Monsters Make Saints,Demi the Daredevil,77.6,0.459,Side Effect,FKA Rayne,0.376,186.44,Morirò da Re,Måneskin,193.79,0.605,No Hope (The Frog Song),Robert Grace,0.939,126.01,66,106
2022-12-12,Die Happy,DREAMERS,201.52,1593.0,119.47,0.686,Soda,Nothing But Thieves,74.92,0.501,Hayloft II,Mother Mother,0.326,178.18,Depressing Summer,Lolnein,191.97,0.466,Climate Crisis Love Song,Naethan Apollo,0.977,124.02,116,167
2022-12-19,SPIT IN MY FACE!,ThxSoMch,566.85,1447.39,109.08,0.729,Street Brawling Millionaire,Adam Jensen,73.0,0.586,Hayloft II,Mother Mother,0.326,178.18,Kill The Insanity,DanielFromSalem,192.13,0.376,not exactly happy.,Aim Vision,0.975,124.99,72,102
2022-12-26,villains,PmBata,423.3,1836.35,111.43,0.72,"Hawatari Nioku Centi (From ""Chainsaw Man"")",Miura Jam,74.22,0.443,Running Blind,Hellhills,0.267,165.08,Hayloft II,Mother Mother,178.18,0.326,not exactly happy.,Aim Vision,0.975,124.99,62,93
2023-01-02,i know,Hairu Tokyo,534.29,1503.7,109.99,0.751,villains,PmBata,81.94,0.74,It's Going Bad?,Hairu Tokyo,0.515,94.79,Losers,Aryia,178.03,0.637,Players,Coi Leray,0.948,105.0,16,34
2023-01-09,SLEEP PARALYSIS,Cemetery Drive,320.8,976.45,102.14,0.709,touch grass,low mana,77.53,0.603,Deja Vu,Fox Stevenson,0.355,150.06,chaotic,Hairu Tokyo,172.14,0.537,Rambo,Rare Americans,0.809,108.04,21,34
2023-01-16,The Hanging Tree,James Newton Howard,137.67,975.53,122.02,0.678,touch grass,low mana,77.53,0.603,Side Effect,FKA Rayne,0.376,186.44,Side Effect,FKA Rayne,186.44,0.376,not exactly happy.,Aim Vision,0.975,124.99,61,100
2023-01-23,BABY SAID,Måneskin,544.41,1836.23,132.39,0.625,"Hawatari Nioku Centi (From ""Chainsaw Man"")",Miura Jam,74.22,0.443,Descent into the Rift,Kyle Dixon & Michael Stein,0.197,84.96,Sunset,Welyn,203.83,0.574,DEATH,CG5,0.965,105.07,53,76
2023-01-30,Sunsets,Biting Elbows,508.27,1359.36,146.8,0.592,Verbatim,Mother Mother,78.01,0.827,This fffire - New Version,Franz Ferdinand,0.442,146.36,Sunset,Welyn,203.83,0.574,Climate Crisis Love Song,Naethan Apollo,0.977,124.02,70,97
2023-02-06,Mini Golf,Puddles!,346.99,1131.03,128.98,0.726,Street Brawling Millionaire,Adam Jensen,73.0,0.586,Hey,Noisecream,0.311,169.97,Anime Dream Queen,bedfashion,194.16,0.668,Feel 4 Free,Puddles!,0.907,109.0,56,79
2023-02-13,Bored to Death,8 Graves,130.16,1053.43,127.76,0.682,"Hawatari Nioku Centi (From ""Chainsaw Man"")",Miura Jam,74.22,0.443,Danny Break-up Bad,Orchid Porn,0.327,170.08,Depressing Summer,Lolnein,191.97,0.466,not exactly happy.,Aim Vision,0.975,124.99,117,165
2023-02-20,ADHD,Silent Child,138.39,574.85,130.25,0.719,touch grass,low mana,77.53,0.603,HOLOGRAM,Poe the Passenger,0.367,159.37,Morirò da Re,Måneskin,193.79,0.605,DEATH,CG5,0.965,105.07,76,106
2023-02-27,Good Luck,Abhi The Nomad,200.78,758.68,124.69,0.741,sheluvme,Tai Verdes,82.36,0.543,In My Head,Public Theatre,0.266,154.06,Depressing Summer,Lolnein,191.97,0.466,Yuck.,Jay Samuelz,0.954,108.0,65,90
2023-03-06,Ferris Bueller,Emei,80.15,690.5,123.91,0.706,Misty,Melvin Brooke,52.3,0.695,Hayloft II,Mother Mother,0.326,178.18,Sunset,Welyn,203.83,0.574,Climate Crisis Love Song,Naethan Apollo,0.977,124.02,96,118
2023-03-13,Hotel Sex,Call Me Karizma,47.85,727.01,126.17,0.675,1975,Silent Child,74.95,0.625,Dream On,Aerosmith,0.392,78.03,prism,monty.pk,182.11,0.664,Climate Crisis Love Song,Naethan Apollo,0.977,124.02,162,215
2023-03-20,Toca Toca,Fly Project,60.33,860.71,131.25,0.689,1975,Silent Child,74.95,0.625,Sigh on a Hurricane,HIMALAYAS,0.292,152.09,Morirò da Re,Måneskin,193.79,0.605,Climate Crisis Love Song,Naethan Apollo,0.977,124.02,167,238
2023-03-27,The Law - Zardonic Remix,Reach,47.75,622.93,128.59,0.706,Street Brawling Millionaire,Adam Jensen,73.0,0.586,Hayloft II,Mother Mother,0.326,178.18,Depressing Summer,Lolnein,191.97,0.466,Climate Crisis Love Song,Naethan Apollo,0.977,124.02,126,173
2023-04-03,I AM,Hairu Tokyo,164.18,1022.12,126.9,0.728,"We All Lift Together (From ""Warframe"")",Keith Power,67.18,0.581,Digital Silence,Peter McPoland,0.312,89.51,Sunset,Welyn,203.83,0.574,Climate Crisis Love Song,Naethan Apollo,0.977,124.02,150,209
2023-04-10,DON'T TRIP!,Atwood,77.23,680.87,121.58,0.629,1975,Silent Child,74.95,0.625,Digital Silence,Peter McPoland,0.312,89.51,Depressing Summer,Lolnein,191.97,0.466,Gönn dir Parodie (Schluck Schluck),TJ_weakboy,0.945,115.0,88,130
2023-04-17,Nightmares,Hairu Tokyo,33.54,619.94,125.77,0.664,UNBELIEVABLE,Ethan Gander,69.99,0.557,Digital Silence,Peter McPoland,0.312,89.51,A While Ago,DaniSogen,194.58,0.392,Gönn dir Parodie (Schluck Schluck),TJ_weakboy,0.945,115.0,115,166
2023-04-24,Drones,grandson,85.85,507.86,127.68,0.667,"We All Lift Together (From ""Warframe"")",Keith Power,67.18,0.581,Digital Silence,Peter McPoland,0.312,89.51,Sinking Sand,Unlike Pluto,196.18,0.372,not exactly happy.,Aim Vision,0.975,124.99,95,136
2023-05-01,"Goodbye, Babe",Joachim,122.28,742.36,128.24,0.643,Get Puffer'd,Fexxeexd,74.99,0.73,Digital Silence,Peter McPoland,0.312,89.51,Butterscotch,Neutral Snap,199.93,0.447,Containment Breach,Fexxeexd,0.929,128.0,129,196
2023-05-08,Date Myself,Your Favorite Martian,113.0,1105.67,124.26,0.702,Street Brawling Millionaire,Adam Jensen,73.0,0.586,Flujo De Ruido,Tiempo Discreto,0.143,87.65,Sunset,Welyn,203.83,0.574,Climate Crisis Love Song,Naethan Apollo,0.977,124.02,200,301
2023-05-15,White,Hairu Tokyo,226.72,799.68,137.18,0.666,HI MY NAME IS,RAEGAN,80.96,0.471,Digital Silence,Peter McPoland,0.312,89.51,Mini Golf,Puddles!,175.94,0.713,GET USED TO ME,Aim Vision,0.961,114.99,63,95
2023-05-22,All the Time in the World,Kiltro,10.67,406.24,125.76,0.683,1975,Silent Child,74.95,0.625,Digital Silence,Peter McPoland,0.312,89.51,Sunset,Welyn,203.83,0.574,DEATH,CG5,0.965,105.07,92,128
2023-05-29,MONEY ON THE DASH,Elley Duhé,31.34,671.78,132.91,0.66,World A Music,iNi Kamoze,74.1,0.874,Signore dei Lupi - from Arknights,Will Stetson,0.304,148.56,Sunset,Welyn,203.83,0.574,GET USED TO ME,Aim Vision,0.961,114.99,117,181
2023-06-05,Suic*de,Ren,149.21,829.65,132.69,0.604,Igowallah,Daniel Thrasher,79.98,0.753,golden hour,Will Stetson,0.239,189.4,Hangman Flows,Sugs,202.07,0.553,worth my weight in gold,One Hope,0.849,88.9,63,97
2023-06-12,Every day is trash it hurts,たかやん,127.77,619.98,107.1,0.655,Sleeping On The Ceiling,Friday Pilots Club,74.96,0.557,EVAC,ONICKS,0.343,152.84,Hangman Flows,Sugs,202.07,0.553,Cool,Sadie,0.936,100.03,65,83
2023-06-19,Nightmares,Hairu Tokyo,14.71,281.11,120.41,0.69,Street Brawling Millionaire,Adam Jensen,73.0,0.586,Monster,Lerion,0.279,81.96,Hangman Flows,Sugs,202.07,0.553,Climate Crisis Love Song,Naethan Apollo,0.977,124.02,74,97
2023-06-26,Preacher,Roe Kapara,265.59,674.4,120.65,0.545,Sleeping On The Ceiling,Friday Pilots Club,74.96,0.557,Crazy? I Was Crazy Once...,Heavy Petter,0.286,149.29,Hangman Flows,Sugs,202.07,0.553,not exactly happy.,Aim Vision,0.975,124.99,50,74
2023-07-03,fick dich,moi,455.61,684.51,119.19,0.623,tied up,starfall,74.99,0.631,save me,Ethan Gander,0.436,120.06,Fantasy,Hellhills,180.04,0.553,Cool,Sadie,0.936,100.03,47,69
2023-07-10,fick dich,moi,18.12,288.61,124.3,0.687,1975,Silent Child,74.95,0.625,Signore dei Lupi - from Arknights,Will Stetson,0.304,148.56,Hangman Flows,Sugs,202.07,0.553,Climate Crisis Love Song,Naethan Apollo,0.977,124.02,82,113
2023-07-17,Five,Fai Laci,12.71,330.88,121.42,0.685,Serotonin,Call Me Karizma,77.76,0.47,Dreamblur,Unlike Pluto,0.329,164.17,Call Me When You Want Call Me When You Need,DJ Gotta,178.96,0.73,not exactly happy.,Aim Vision,0.975,124.99,76,118
2023-07-24,i'm so jealous of your bathroom mirror,Rudy Ayoub,16.85,313.16,122.6,0.659,Guts,Unlike Pluto,73.86,0.521,Seven Nation Army,Silent Child,0.293,173.81,Sunset,Welyn,203.83,0.574,Climate Crisis Love Song,Naethan Apollo,0.977,124.02,65,102
2023-07-31,Alliance,Yxng Davi,175.33,518.18,138.21,0.64,Maybe,Jay Joseph,84.96,0.822,Degrade Me,TX2,0.266,96.68,a Look in,Kwite,179.91,0.722,megrim,mesq,0.894,111.0,38,64
2023-08-07,The Cheaters Guide To The Galaxy,Warwick Smith,136.46,728.33,119.97,0.649,The Cheaters Guide To The Galaxy,Warwick Smith,75.02,0.689,Solomon Grundy,Chuxx Morris,0.188,159.58,Comatose,Saphir,177.85,0.374,ELEPHANT in the room,Llunr,0.962,104.98,48,71
2023-08-14,ADDICTED & EXCITED,Franco Aurelio,188.85,612.82,122.48,0.677,The Cheaters Guide To The Galaxy,Warwick Smith,75.02,0.689,The Hate Man,seeeeecun,0.461,147.0,Alliance,Yxng Davi,174.13,0.598,I CAN'T WAIT,Aim Vision,0.895,100.0,40,49
2023-08-21,Tut uns leid,Julien Bam,276.35,994.79,128.65,0.641,The Cheaters Guide To The Galaxy,Warwick Smith,75.02,0.689,Idol - Metal Version,二口魔菜 Futakuchi Mana,0.44,82.86,Hangman Flows,Sugs,202.07,0.553,Climate Crisis Love Song,Naethan Apollo,0.977,124.02,61,95
2023-08-28,Payday,Thehiz,289.55,1040.06,118.36,0.643,cough drops,almost monday,76.51,0.62,Seven Nation Army,Silent Child,0.293,173.81,I.LIKE.IT.RAW,Changeline,174.78,0.56,Lil Bit,No-uh,0.97,113.01,42,78
2023-09-04,Ich will,Miksu / Macloud,227.96,755.34,117.92,0.654,Call ACab,Sam Stone,75.51,0.726,Hate Thy Neighbour,Hyphen,0.428,78.61,Bounce,Oliver Tree,175.98,0.612,Hungry World,Naethan Apollo,0.919,93.08,27,51
2023-09-11,Ich will,Miksu / Macloud,90.17,367.58,119.17,0.704,tied up,starfall,74.99,0.631,Hate Thy Neighbour,Hyphen,0.428,78.61,Feed the Machine,Poor Man's Poison,176.01,0.643,Scatterbrain,Emei,0.938,119.99,56,81
2023-09-18,The Therapist,Foreign Air,18.4,440.01,123.46,0.66,Sleeping On The Ceiling,Friday Pilots Club,74.96,0.557,Kid Midnight,IRONTOM,0.355,190.06,Hated,YUNGBLUD,192.07,0.581,Scatterbrain,Emei,0.938,119.99,102,151
2023-09-25,Super Smash Bros.,BABY GRAVY,30.28,355.18,120.24,0.681,cough drops,almost monday,76.51,0.62,Hate Thy Neighbour,Hyphen,0.428,78.61,Hated,YUNGBLUD,192.07,0.581,Hungry World,Naethan Apollo,0.919,93.08,46,64
2023-10-02,Cosby Sweater,Marcapasos,38.04,529.22,127.41,0.663,The Cheaters Guide To The Galaxy,Warwick Smith,75.02,0.689,Degrade Me,TX2,0.266,96.68,Hated,YUNGBLUD,192.07,0.581,Another One Bites The Dust - Remastered 2011,Queen,0.933,109.97,106,145
2023-10-09,Numb Little Bug,Em Beihold,58.53,649.64,133.39,0.66,"We All Lift Together (From ""Warframe"")",Keith Power,67.18,0.581,I Won't,AJR,0.387,161.87,Hangman Flows,Sugs,202.07,0.553,No Hope (The Frog Song),Robert Grace,0.939,126.01,95,128
2023-10-16,CITY OF ANGELS,24kGoldn,301.43,1268.44,132.85,0.653,Tongue Tied,Beyond This Afterlife,72.02,0.723,Signore dei Lupi - from Arknights,Will Stetson,0.304,148.56,Hangman Flows,Sugs,202.07,0.553,Uninvited,Ren,0.956,118.0,83,113
2023-10-23,I Wasn't Made to Fall in Love,Koko Love,156.38,1512.38,126.37,0.666,"We All Lift Together (From ""Warframe"")",Keith Power,67.18,0.581,A Way of Life,Hans Zimmer,0.092,86.64,Bubble Gum,Clairo,207.97,0.509,Climate Crisis Love Song,Naethan Apollo,0.977,124.02,240,345
2023-10-30,T.V.,Call Me Karizma,122.0,813.09,133.57,0.653,Scheide,Soap Boyz,73.57,0.604,Degrade Me,TX2,0.266,96.68,Hangman Flows,Sugs,202.07,0.553,Another One Bites The Dust - Remastered 2011,Queen,0.933,109.97,124,167
2023-11-06,AND IT SHOWS,Aim Vision,358.14,1786.6,122.05,0.698,BRN,AViVA,79.9,0.573,Diggy Diggy Hole,Wind Rose,0.311,125.01,Fire,Gavin DeGraw,180.98,0.549,not exactly happy.,Aim Vision,0.975,124.99,50,70
2023-11-13,BITTERSWEET,LG4 Trey,258.79,1666.04,130.19,0.678,DEAD BEATS,Mori Calliope,75.43,0.664,"Soldier, Poet, King",The Oh Hellos,0.347,117.96,Morirò da Re,Måneskin,193.79,0.605,BlindLife,YDE,0.959,109.96,140,180
2023-11-20,PSYCHO,Pertinence,990.4,2212.32,104.36,0.698,Street Brawling Millionaire,Adam Jensen,73.0,0.586,Seven Nation Army,Silent Child,0.293,173.81,Sunset,Welyn,203.83,0.574,Uninvited,Ren,0.956,118.0,190,292
2023-11-27,Wasted,Migs718,359.6,1843.38,132.42,0.716,"We All Lift Together (From ""Warframe"")",Keith Power,67.18,0.581,Degrade Me,TX2,0.266,96.68,Don't Cut Your Hair,Baby Fisher,210.04,0.383,Climate Crisis Love Song,Naethan Apollo,0.977,124.02,215,294
2023-12-04,guillotine,Hairu Tokyo,307.71,1779.28,132.98,0.665,Street Brawling Millionaire,Adam Jensen,73.0,0.586,Love The Day,Fox Stevenson,0.247,172.03,Lucky Bruto,Ado,197.6,0.414,BlindLife,YDE,0.959,109.96,102,134
2023-12-11,mojo jojo,skooters,332.48,2055.01,139.64,0.686,PSYCHO,Pertinence,75.12,0.737,Digital Silence,Peter McPoland,0.312,89.51,Hated,YUNGBLUD,192.07,0.581,DEATH,CG5,0.965,105.07,146,203
2023-12-18,Chainsaw Man,Yungmon,92.04,1024.52,125.53,0.672,Mountain Vibes,LoFi Waiter,64.9,0.683,lofi rain,a girl and a cat,0.336,75.01,Side Effect,FKA Rayne,186.44,0.376,BlindLife,YDE,0.959,109.96,141,200
2023-12-25,Revolution,Ray Goren,305.87,1141.01,117.83,0.718,DEAD BEATS,Mori Calliope,75.43,0.664,fleabag,YUNGBLUD,0.236,98.46,Morirò da Re,Måneskin,193.79,0.605,Another One Bites The Dust - Remastered 2011,Queen,0.933,109.97,91,105
2024-01-01,The Sheriff,Puddles!,342.63,1316.46,124.35,0.693,boy for the weekend,marc indigo,67.96,0.714,Hey Beautiful,Platinum Moon,0.457,104.84,Great Race,Marko,177.88,0.578,Be Your Own,teeawgo,0.93,123.07,109,156
2024-01-08,LIES (REMIX),CANCEL CULTURE,134.04,1664.87,114.59,0.733,meant nothing to me,dyl dion,73.6,0.773,Nomu,Good Kid,0.319,90.53,Pretty,Meltycanon,184.1,0.492,Hoboken,"Hi, I'm Chris",0.974,110.01,133,184
2024-01-15,Not Tonight,Follies & Vices,95.29,1046.33,119.84,0.724,tied up,starfall,74.99,0.631,September,Indio Downey,0.401,175.96,Depressing Summer,Lolnein,191.97,0.466,Stop Writing Me Love Letters,Zak James,0.979,112.99,143,197
2024-01-22,Bang Bang,K'NAAN,408.03,1330.57,121.69,0.677,The Cheaters Guide To The Galaxy,Warwick Smith,75.02,0.689,Hayloft II,Mother Mother,0.326,178.18,Hayloft II,Mother Mother,178.18,0.326,Uninvited,Ren,0.956,118.0,102,135
2024-01-29,LIES (REMIX),CANCEL CULTURE,182.81,1498.87,123.41,0.715,PSYCHO,Pertinence,75.12,0.737,what if it's not enough?,Lubalin,0.406,82.45,loving me is really hard,NESYA,186.92,0.443,BlindLife,YDE,0.959,109.96,85,124
2024-02-05,Troublemaker (feat. Flo Rida),Olly Murs,649.34,2533.09,119.59,0.744,Burn,TX2,66.6,0.365,Change (In the House of Flies),Deftones,0.269,141.58,loving me is really hard,NESYA,186.92,0.443,i'll just dance,Kyuuwaii,0.9,140.01,64,97
2024-02-12,Play,austenyo,695.71,2074.33,122.74,0.777,Mountain Ascent,Sleep Noise Island,69.83,0.237,Green Noise - Ocean Breeze,Fortuna,0.131,91.07,93 'Til Infinity,Souls Of Mischief,206.25,0.59,Gasoline,RyFy,0.936,94.99,79,119
2024-02-19,Cocoa Butter Kisses,Su Lee,190.79,1311.32,129.71,0.651,PSYCHO,Pertinence,75.12,0.737,Free Bird,Lynyrd Skynyrd,0.249,118.22,loving me is really hard,NESYA,186.92,0.443,Cocoa Butter Kisses,Su Lee,0.946,128.04,106,132
2024-02-26,Paranoid - 2009 Remaster,Black Sabbath,350.72,1882.33,130.08,0.689,CONTROL,CANCEL CULTURE,75.08,0.638,Paradise City,Guns N' Roses,0.268,100.32,Morirò da Re,Måneskin,193.79,0.605,Uninvited,Ren,0.956,118.0,156,207
2024-03-04,Pressure,Ellie Dixon,386.56,1561.72,102.48,0.738,MAMBO,DIRTYXAN,76.03,0.817,Bad Moon Rising,Creedence Clearwater Revival,0.508,178.95,I'm So Excited,The Pointer Sisters,184.35,0.59,Thank You (Falettinme Be Mice Elf Agin) - Single Version,Sly & The Family Stone,0.9,105.82,54,75
2024-03-11,White Noise Boys,Airways,197.67,821.93,126.26,0.765,Gameboy,YONAH,75.95,0.502,Landslide,The Rills,0.415,160.8,Eszett,Lolnein,179.9,0.653,Cocoa Butter Kisses,Su Lee,0.946,128.04,18,28
2024-03-18,Moon Girl,Ark Woods,592.86,1331.41,103.43,0.708,These Words (Again),Scuare,74.9,0.811,Lonely,Nodaway,0.486,161.03,Morirò da Re,Måneskin,193.79,0.605,Cocoa Butter Kisses,Su Lee,0.946,128.04,48,60
2024-03-25,鬼ノ宴,友成空,961.66,2117.13,139.78,0.655,Moon Girl,Ark Woods,81.0,0.629,point street,Beware the Bears,0.516,165.02,point street,Beware the Bears,165.02,0.516,Something in the Moon,Geno Samuel,0.916,117.0,15,24
2024-04-01,Capybara,Bunny Clogs,414.44,2604.65,137.35,0.694,I Wanna Be Yours,Arctic Monkeys,67.53,0.464,Premier Inn,Good Kid,0.324,88.22,Morirò da Re,Måneskin,193.79,0.605,Cocoa Butter Kisses,Su Lee,0.946,128.04,108,151
2024-04-08,Green Honda,BENEE,341.25,1220.24,133.24,0.743,MAMBO,DIRTYXAN,76.03,0.817,STILL TALKIN,Javi Vera,0.498,169.94,Capybara,Bunny Clogs,170.1,0.673,Something in the Moon,Geno Samuel,0.916,117.0,60,95
2024-04-15,Black Cherri,Suzi Wu,430.74,2044.14,148.09,0.638,touch grass,low mana,77.53,0.603,Hayloft II,Mother Mother,0.326,178.18,goner,Hairu Tokyo,199.84,0.439,GET USED TO ME,Aim Vision,0.961,114.99,159,210
2024-04-22,Anarchist - Demo,The Valla,248.28,2135.13,129.58,0.652,If I Ever Build a House,Axian,56.7,0.56,Digital Silence,Peter McPoland,0.312,89.51,Hangman Flows,Sugs,202.07,0.553,not exactly happy.,Aim Vision,0.975,124.99,276,372
2024-04-29,Fantasy,Mitchell Zia,336.49,3057.95,131.42,0.677,"Hawatari Nioku Centi (From ""Chainsaw Man"")",Miura Jam,74.22,0.443,Kiss The Go-Goat,Ghost,0.195,86.48,Saltwater,Mitchell Zia,204.22,0.402,DEATH,CG5,0.965,105.07,312,411
2024-05-06,Too Sweet,Hozier,280.83,3745.11,124.77,0.693,Go Fuck Yourself,Two Feet,74.93,0.765,Degrade Me,TX2,0.266,96.68,Sunset,Welyn,203.83,0.574,Uninvited,Ren,0.956,118.0,328,426
2024-05-13,hotline,bby,277.09,2864.44,132.27,0.674,"We All Lift Together (From ""Warframe"")",Keith Power,67.18,0.581,Seven Nation Army,Silent Child,0.293,173.81,Hangman Flows,Sugs,202.07,0.553,Climate Crisis Love Song,Naethan Apollo,0.977,124.02,282,376
2024-05-20,Guava Jelly,Royce Fisherman,242.71,2054.74,130.98,0.679,Dream On,Aerosmith,78.03,0.392,I Won't Hold My Breath,Thesaurus Rex,0.284,173.83,Wild Boy,MA55IVE THE RAMPAGE,183.86,0.677,Lottery,Fulton Lee,0.899,121.02,112,130
2024-05-27,Hello,HEYKRIS,438.23,2658.15,127.66,0.648,My Own Summer (Shove It),Deftones,71.84,0.443,Change (In the House of Flies),Deftones,0.269,141.58,goner,Hairu Tokyo,199.84,0.439,Jamming,Bob Marley & The Wailers,0.941,123.67,151,185
2024-06-03,Zittern,Yu,161.53,2246.98,127.53,0.67,"We All Lift Together (From ""Warframe"")",Keith Power,67.18,0.581,Degrade Me,TX2,0.266,96.68,Sunset,Welyn,203.83,0.574,GET USED TO ME,Aim Vision,0.961,114.99,381,500
2024-06-10,Story,ghstpunk,418.21,3070.46,118.52,0.716,Mountain Vibes,LoFi Waiter,64.9,0.683,I Won't Hold My Breath,Thesaurus Rex,0.284,173.83,candyflips!,347aidan,190.2,0.455,Don't Forget the T,Josh Tenor,0.938,104.56,227,306
2024-06-17,I Need A Break,Ryan King,191.57,2984.43,130.86,0.71,Sexist,Yu,60.6,0.466,Firestarters,Sawyer Hill,0.309,176.27,d e a d,Madelline,182.15,0.738,DO WHAT I DO,Young Orange,0.945,139.95,74,95
2024-06-24,All For You,Kiksio,433.49,2637.84,128.23,0.7,THE PROBLEM,Tae Hauk,72.14,0.744,Degrade Me,TX2,0.266,96.68,Sinking Sand,Unlike Pluto,196.18,0.372,Climate Crisis Love Song,Naethan Apollo,0.977,124.02,314,430
2024-07-01,Like A Bullet,Stefanie Heinzmann,107.61,1475.98,129.68,0.703,"We All Lift Together (From ""Warframe"")",Keith Power,67.18,0.581,Side Effect,FKA Rayne,0.376,186.44,Hangman Flows,Sugs,202.07,0.553,GET USED TO ME,Aim Vision,0.961,114.99,254,329
2024-07-08,Like A Bullet,Stefanie Heinzmann,369.75,1867.55,130.42,0.744,THE PROBLEM,Tae Hauk,72.14,0.744,I Won't Hold My Breath,Thesaurus Rex,0.284,173.83,Morirò da Re,Måneskin,193.79,0.605,Climate Crisis Love Song,Naethan Apollo,0.977,124.02,207,279
2024-07-15,Save Our Breath,Jonny Lucas,198.03,1326.9,122.76,0.695,THE PROBLEM,Tae Hauk,72.14,0.744,Autopilot,Lolnein,0.408,179.98,Sunset,Welyn,203.83,0.574,Climate Crisis Love Song,Naethan Apollo,0.977,124.02,227,310
2024-07-22,Chronic,Levi Evans,521.76,1224.04,129.7,0.718,"Hawatari Nioku Centi (From ""Chainsaw Man"")",Miura Jam,74.22,0.443,Into The Otherside,The Listros,0.377,169.99,Sunset,Welyn,203.83,0.574,Cocoa Butter Kisses,Su Lee,0.946,128.04,79,107
2024-07-29,little miss misogyny,audalei,177.09,1719.33,127.68,0.707,Street Brawling Millionaire,Adam Jensen,73.0,0.586,Digital Silence,Peter McPoland,0.312,89.51,Morirò da Re,Måneskin,193.79,0.605,DEATH,CG5,0.965,105.07,320,429
2024-08-05,BACKSTEP(backstab),LeGrand,72.03,994.39,127.48,0.689,"We All Lift Together (From ""Warframe"")",Keith Power,67.18,0.581,"Soldier, Poet, King",The Oh Hellos,0.347,117.96,Life In America,Roe Kapara,205.98,0.371,Scatterbrain,Emei,0.938,119.99,197,272
2024-08-12,WOT?,Cody Frost,87.33,1003.98,128.47,0.682,PSYCHO,Pertinence,75.12,0.737,Degrade Me,TX2,0.266,96.68,Never Ever,Fan Club,181.93,0.518,not exactly happy.,Aim Vision,0.975,124.99,214,287
2024-08-19,WOT?,Cody Frost,49.0,865.28,132.27,0.677,PSYCHO,Pertinence,75.12,0.737,Degrade Me,TX2,0.266,96.68,Hated,YUNGBLUD,192.07,0.581,Crazy Rap (Colt 45 & 2 Zig Zags),Afroman,0.927,99.05,183,258
2024-08-26,Praying Mantis,Jazz Alonso,192.97,1728.61,137.3,0.664,ITLL BE OKAY,HEBER MATÜTE,75.02,0.616,I Won't Hold My Breath,Thesaurus Rex,0.284,173.83,Lay in Bed,After a Night of Unsettling Dreams,207.73,0.429,Uninvited,Ren,0.956,118.0,350,462
2024-09-02,D.M.S,The Million,109.83,1538.17,127.86,0.664,THE PROBLEM,Tae Hauk,72.14,0.744,Hayloft II,Mother Mother,0.326,178.18,Sinking Sand,Unlike Pluto,196.18,0.372,DEATH,CG5,0.965,105.07,219,319
2024-09-09,seeker missile,dynastic,95.84,1796.73,124.68,0.67,Street Brawling Millionaire,Adam Jensen,73.0,0.586,Poison,Alice Cooper,0.28,118.7,Sunset,Welyn,203.83,0.574,DEATH,CG5,0.965,105.07,336,470
2024-09-16,Everywhere I Go,Hollywood Undead,93.25,1688.7,126.23,0.713,YOU HAUNT ME,Citizen,71.75,0.439,Bad Medicine,The Upstart Crows,0.243,73.54,Sunset,Welyn,203.83,0.574,BlindLife,YDE,0.959,109.96,357,479
2024-09-23,rusty,Layto,154.58,1871.59,127.08,0.679,YOU HAUNT ME,Citizen,71.75,0.439,I Won't Hold My Breath,Thesaurus Rex,0.284,173.83,Sunset,Welyn,203.83,0.574,GET USED TO ME,Aim Vision,0.961,114.99,240,331
2024-09-30,Dirty Harry,Gorillaz,137.28,2156.48,132.11,0.683,YOU HAUNT ME,Citizen,71.75,0.439,Degrade Me,TX2,0.266,96.68,AFTER DARK,Hairu Tokyo,201.97,0.571,Climate Crisis Love Song,Naethan Apollo,0.977,124.02,261,351
2024-10-07,Breakdown,Archi,486.21,1948.99,139.1,0.707,Urban Downunder,Marcin Przybyłowicz,66.81,0.338,The Sacred And The Profane,Paul Leonard-Morgan,0.153,71.56,AFTER DARK,Hairu Tokyo,201.97,0.571,My Turn,New Medicine,0.97,127.98,66,77
2024-10-14,What Am I To Do?,Oliver Malcolm,300.76,1248.96,122.48,0.611,"We All Lift Together (From ""Warframe"")",Keith Power,67.18,0.581,Enemy,Father Of Peace,0.354,170.38,My Ordinary Life,The Living Tombstone,175.95,0.675,Why's this dealer?,Niko B,0.91,135.03,62,92
2024-10-21,I hope you hate me.,Dead Poet Society,307.7,1710.97,128.5,0.678,"We All Lift Together (From ""Warframe"")",Keith Power,67.18,0.581,Degrade Me,TX2,0.266,96.68,AFTER DARK,Hairu Tokyo,201.97,0.571,Climate Crisis Love Song,Naethan Apollo,0.977,124.02,307,412
2024-10-28,It's Cool,First in Flight,122.74,1399.76,131.11,0.679,THE PROBLEM,Tae Hauk,72.14,0.744,Vulture Culture,Fangclub,0.293,180.15,Sunset,Welyn,203.83,0.574,Climate Crisis Love Song,Naethan Apollo,0.977,124.02,281,362
2024-11-04,Da Da Da - 甜妹版,芊芊龍,190.64,1574.07,127.53,0.739,1975,Silent Child,74.95,0.625,Hayloft II,Mother Mother,0.326,178.18,Down The Rabbit Hole,POM,209.96,0.43,5:20AM,刀酱,0.947,125.05,207,271
2024-11-11,I Wish U Didn't Hate Me So Much,Kit Major,118.06,1646.69,131.83,0.676,YOU HAUNT ME,Citizen,71.75,0.439,Acid Hologram,Deftones,0.151,94.09,Sunset,Welyn,203.83,0.574,not exactly happy.,Aim Vision,0.975,124.99,347,455
2024-11-18,Beach Boulevard,London Mars,107.62,1293.97,127.67,0.676,Supernova,Taras Stanin,56.3,0.47,Seven Nation Army,Silent Child,0.293,173.81,Sunset,Welyn,203.83,0.574,Climate Crisis Love Song,Naethan Apollo,0.977,124.02,244,326
2024-11-25,UH YEAH [WAHNSiNN 01],TJ_beastboy,264.99,1545.25,139.83,0.685,PRETTY BOI,TJ_beastboy,77.42,0.604,Digital Silence,Peter McPoland,0.312,89.51,Sunset,Welyn,203.83,0.574,The Real Slim Shady,Eminem,0.949,104.5,276,391
2024-12-02,Luvly,Belaganas,115.23,1895.81,126.49,0.705,YOU HAUNT ME,Citizen,71.75,0.439,I Won't Hold My Breath,Thesaurus Rex,0.284,173.83,Sunset,Welyn,203.83,0.574,not exactly happy.,Aim Vision,0.975,124.99,350,469
2024-12-09,Rosaroter Tee,bac,288.23,1193.43,119.95,0.723,Street Brawling Millionaire,Adam Jensen,73.0,0.586,Digital Silence,Peter McPoland,0.312,89.51,Hangman Flows,Sugs,202.07,0.553,DEATH,CG5,0.965,105.07,180,242
2024-12-16,Where's Your Head At,Basement Jaxx,40.0,2184.78,131.17,0.719,THE PROBLEM,Tae Hauk,72.14,0.744,I Won't Hold My Breath,Thesaurus Rex,0.284,173.83,MUGGLE,Indigo Hush,195.97,0.572,not exactly happy.,Aim Vision,0.975,124.99,296,388
2024-12-23,Willy Wishbone,Cody Lawless,444.97,1033.58,138.73,0.685,Hate Thy Neighbour,Hyphen,78.61,0.428,SPINE,WesGhost,0.415,149.96,HEARTSTICKY!,Cemetery Drive,195.94,0.678,not exactly happy.,Aim Vision,0.975,124.99,35,48
2024-12-30,Rosaroter Tee,bac,41.29,1529.09,129.56,0.675,YOU HAUNT ME,Citizen,71.75,0.439,Degrade Me,TX2,0.266,96.68,HEARTSTICKY!,Cemetery Drive,195.94,0.678,Climate Crisis Love Song,Naethan Apollo,0.977,124.02,310,416
2025-01-06,Lady Parts and Mannequins,mehro,116.25,2518.76,128.96,0.673,Superstar Sh*t,Dominic Fike,70.03,0.756,Ancient Flame,Torii Wolf,0.25,175.52,Sunset,Welyn,203.83,0.574,not exactly happy.,Aim Vision,0.975,124.99,474,636
2025-01-13,Arbitrage,Modern Alibi,126.25,2206.33,125.34,0.691,YOU HAUNT ME,Citizen,71.75,0.439,Monopoly Money,Moon Walker,0.29,207.9,Monopoly Money,Moon Walker,207.9,0.29,Climate Crisis Love Song,Naethan Apollo,0.977,124.02,399,526
2025-01-20,Liberate Me,DYLYN,144.41,1670.64,132.5,0.682,YOU HAUNT ME,Citizen,71.75,0.439,Degrade Me,TX2,0.266,96.68,Monopoly Money,Moon Walker,207.9,0.29,Climate Crisis Love Song,Naethan Apollo,0.977,124.02,298,376
2025-01-27,Healthy Sex Drive,Die Shiny,303.44,1466.85,123.29,0.734,Compare Myself To You,The Listros,65.28,0.231,Compare Myself To You,The Listros,0.231,65.28,Monopoly Money,Moon Walker,207.9,0.29,GET USED TO ME,Aim Vision,0.961,114.99,206,282
2025-02-03,ANYTHING 4 U,Naethan Apollo,155.78,837.98,123.82,0.726,Terry's Taxidermy,Teddy Hyde,62.0,0.404,Monopoly Money,Moon Walker,0.29,207.9,Monopoly Money,Moon Walker,207.9,0.29,Cocoa Butter Kisses,Su Lee,0.946,128.04,193,234
2025-02-10,Hell Breaks Loose,Dalton Deschain & the Traveling Show,106.36,2487.36,128.38,0.673,memories we memories we share,Zupa Fitz,52.98,0.426,Monopoly Money,Moon Walker,0.29,207.9,Shades of Grey,Karen Alice,218.44,0.559,Uninvited,Ren,0.956,118.0,232,289
2025-02-17,A N X I E T Y (feat. Doechii),Sleepy Hallow,39.3,1582.44,133.26,0.677,YOU HAUNT ME,Citizen,71.75,0.439,Monopoly Money,Moon Walker,0.29,207.9,Monopoly Money,Moon Walker,207.9,0.29,MICHELIN CLUB,MARXO,0.953,119.89,155,199
2025-02-24,deep dream,Sick Joy,144.66,1325.29,125.62,0.654,Call Me Devil,Friends in Tokyo,62.47,0.458,Monopoly Money,Moon Walker,0.29,207.9,Monopoly Money,Moon Walker,207.9,0.29,BlindLife,YDE,0.959,109.96,205,266
2025-03-03,You Don't Know Me (feat. RAYE),Jax Jones,52.24,1610.36,129.55,0.683,YOU HAUNT ME,Citizen,71.75,0.439,Monopoly Money,Moon Walker,0.29,207.9,Monopoly Money,Moon Walker,207.9,0.29,Climate Crisis Love Song,Naethan Apollo,0.977,124.02,304,389
2025-03-10,Anxiety,Doechii,96.97,1255.74,127.27,0.691,I Don't Mind It,Cullah,74.96,0.729,Monopoly Money,Moon Walker,0.29,207.9,Monopoly Money,Moon Walker,207.9,0.29,My Doctor,Katerina Lomis,0.93,119.93,110,133
2025-03-17,Running Around,Ely Oaks,306.03,1511.78,140.02,0.67,1975,Silent Child,74.95,0.625,Monopoly Money,Moon Walker,0.29,207.9,Monopoly Money,Moon Walker,207.9,0.29,Climate Crisis Love Song,Naethan Apollo,0.977,124.02,196,259
2025-03-24,Flip The Bird,Downsyde,257.64,1116.15,120.95,0.709,THE PROBLEM,Tae Hauk,72.14,0.744,Hayloft II,Mother Mother,0.326,178.18,Hangman Flows,Sugs,202.07,0.553,GET USED TO ME,Aim Vision,0.961,114.99,201,255
2025-03-31,Now It's Over,Dogpark,151.32,1631.61,127.31,0.684,Street Brawling Millionaire,Adam Jensen,73.0,0.586,Eternal Waltz,Pottekes,0.176,174.72,Sunset,Welyn,203.83,0.574,DEATH,CG5,0.965,105.07,289,372
2025-04-07,Monster,YOASOBI,35.15,1343.8,126.96,0.686,YOU HAUNT ME,Citizen,71.75,0.439,Degrade Me,TX2,0.266,96.68,Sunset,Welyn,203.83,0.574,not exactly happy.,Aim Vision,0.975,124.99,296,390
2025-04-14,Runaway,witchgang,166.55,1371.21,121.52,0.675,YOU HAUNT ME,Citizen,71.75,0.439,I Won't Hold My Breath,Thesaurus Rex,0.284,173.83,Sinking Sand,Unlike Pluto,196.18,0.372,ICON KILLER,Geordie Kieffer,0.958,110.02,257,349
2025-04-21,No Care,Daughter,154.11,1760.16,129.52,0.7,MAMBO,DIRTYXAN,76.03,0.817,Kinda Scary,Call Me Karizma,0.426,158.73,goner,Hairu Tokyo,199.84,0.439,MICHELIN CLUB,MARXO,0.953,119.89,149,198
2025-04-28,Get Movin' (Feet Don't Fail Me Now),Cut Capers,123.74,1534.63,126.72,0.673,I Don't Mind It,Cullah,74.96,0.729,Monopoly Money,Moon Walker,0.29,207.9,Monopoly Money,Moon Walker,207.9,0.29,Climate Crisis Love Song,Naethan Apollo,0.977,124.02,215,278
2025-05-05,No Hat No Play,Playlunch,71.23,1244.46,128.98,0.689,1975,Silent Child,74.95,0.625,Degrade Me,TX2,0.266,96.68,Monopoly Money,Moon Walker,207.9,0.29,Me Too,Meghan Trainor,0.934,123.83,292,380
2025-05-12,NEWSGIRL,Logan Levi,55.57,1516.18,128.22,0.665,Man Made Myth,Endless Taverns,51.06,0.329,Signore dei Lupi - from Arknights,Will Stetson,0.304,148.56,National Treasure,Barns Courtney,205.98,0.394,not exactly happy.,Aim Vision,0.975,124.99,370,461
2025-05-19,Vaitimbora,Mariana Froes,126.23,1795.76,125.33,0.691,Sleeping On The Ceiling,Friday Pilots Club,74.96,0.557,Villain,MISSIO,0.304,96.82,Sinking Sand,Unlike Pluto,196.18,0.372,not exactly happy.,Aim Vision,0.975,124.99,317,424
2025-05-26,Planet X,Calimossa,177.93,1322.68,127.47,0.685,"We All Lift Together (From ""Warframe"")",Keith Power,67.18,0.581,Degrade Me,TX2,0.266,96.68,goner,Hairu Tokyo,199.84,0.439,DEATH,CG5,0.965,105.07,273,362
2025-06-02,Planet X,Calimossa,123.95,1947.6,126.42,0.67,YOU HAUNT ME,Citizen,71.75,0.439,Digital Silence,Peter McPoland,0.312,89.51,VERLASS MICH NICHT,GRELL,202.05,0.4,The Real Slim Shady,Eminem,0.949,104.5,310,409
2025-06-09,Planet X,Calimossa,196.1,1193.45,132.79,0.662,tied up,starfall,74.99,0.631,Hayloft II,Mother Mother,0.326,178.18,goner,Hairu Tokyo,199.84,0.439,Climate Crisis Love Song,Naethan Apollo,0.977,124.02,114,136
2025-06-16,NEWSGIRL,Logan Levi,68.07,1087.72,131.35,0.672,DEAD BEATS,Mori Calliope,75.43,0.664,Degrade Me,TX2,0.266,96.68,HEARTSTICKY!,Cemetery Drive,195.94,0.678,Temperature,Sean Paul,0.951,125.04,248,313
2025-06-23,Church (feat. Teddy Verseti),T-Pain,95.66,1516.91,128.09,0.674,"We All Lift Together (From ""Warframe"")",Keith Power,67.18,0.581,Degrade Me,TX2,0.266,96.68,Hangman Flows,Sugs,202.07,0.553,Hot,ThatsKramer,0.978,120.04,201,278
2025-06-30,Hey You,C.U.T.,193.55,1317.12,125.61,0.696,Street Brawling Millionaire,Adam Jensen,73.0,0.586,Monopoly Money,Moon Walker,0.29,207.9,Monopoly Money,Moon Walker,207.9,0.29,Climate Crisis Love Song,Naethan Apollo,0.977,124.02,277,362
2025-07-07,discothèque with u,Tiavo,362.56,1324.53,144.26,0.605,"Hawatari Nioku Centi (From ""Chainsaw Man"")",Miura Jam,74.22,0.443,Degrade Me,TX2,0.266,96.68,Sunset,Welyn,203.83,0.574,DEATH,CG5,0.965,105.07,241,307
2025-07-14,Sweet Sun,Milky Chance,160.03,2007.61,127.32,0.658,Dead Ends,Ike Dweck,74.94,0.55,Degrade Me,TX2,0.266,96.68,Monopoly Money,Moon Walker,207.9,0.29,Climate Crisis Love Song,Naethan Apollo,0.977,124.02,351,495
2025-07-21,Sweet Sun,Milky Chance,52.95,622.89,123.15,0.702,THE PROBLEM,Tae Hauk,72.14,0.744,Monopoly Money,Moon Walker,0.29,207.9,Monopoly Money,Moon Walker,207.9,0.29,BlindLife,YDE,0.959,109.96,137,176
2025-07-28,Grave Digger,Naethan Apollo,39.68,861.19,121.84,0.722,Oh No!!,Real Topeka People,79.99,0.866,Bad Attitude,Mattstagraham,0.385,150.07,BRAINROT,grandson,184.04,0.489,MICHELIN CLUB,MARXO,0.953,119.89,68,94
2025-08-04,Rich Girls in Destin,Swang,313.77,1553.85,125.41,0.747,THE PROBLEM,Tae Hauk,72.14,0.744,Monopoly Money,Moon Walker,0.29,207.9,Monopoly Money,Moon Walker,207.9,0.29,Wenn du tanzt,Von Wegen Lisbeth,0.966,116.02,259,328
2025-08-11,Rich Girls in Destin,Swang,273.67,1535.05,125.08,0.726,"Noch ein bisschen draußen (ich hoffe, das passt)",bac,77.55,0.806,Mind Mischief,Tame Impala,0.25,161.33,Let Em' Out,PERSONA 749,187.68,0.565,Haunted Juke Joint Jam,Duke Skellington,0.96,125.03,158,193
2025-08-18,Ex Damages,Luca Malina,22.43,409.15,132.7,0.686,Daytoday,austenyo,77.48,0.641,Change (In the House of Flies),Deftones,0.269,141.58,Let Em' Out,PERSONA 749,187.68,0.565,not exactly happy.,Aim Vision,0.975,124.99,85,110
2025-08-25,Ear to Ear,ANIMA!,176.74,1511.25,126.67,0.697,"Hawatari Nioku Centi (From ""Chainsaw Man"")",Miura Jam,74.22,0.443,violet,Ethan Bortnick,0.262,182.45,AFTER DARK,Hairu Tokyo,201.97,0.571,GET USED TO ME,Aim Vision,0.961,114.99,328,415
2025-09-01,Roadtrim Part 1,The Dead Pirates,62.02,622.53,137.03,0.685,Exoskeleton,Dan Luke and the Raid,82.46,0.548,Toccata,Luca Sestak,0.279,172.76,Sunset,Welyn,203.83,0.574,Uninvited,Ren,0.956,118.0,67,82
2025-09-08,Walkin' Blues,Howlin Jackson,38.35,527.04,135.07,0.665,Awakening,Christopher Larkin,73.62,0.271,Awakening,Christopher Larkin,0.271,73.62,s.w.i.m.,SOCKiTTOME,202.09,0.625,Rich Girls in Destin,Swang,0.938,117.04,89,108
2025-09-15,Based,KAFVKA,153.89,1410.2,121.62,0.682,Street Brawling Millionaire,Adam Jensen,73.0,0.586,Animal,Red Rum Club,0.195,148.32,Morirò da Re,Måneskin,193.79,0.605,not exactly happy.,Aim Vision,0.975,124.99,211,257
2025-09-22,Kein Bock,Tancred,61.21,1379.06,124.99,0.691,Little Wing,Jimi Hendrix,70.78,0.515,Free Bird,Lynyrd Skynyrd,0.249,118.22,Hell N Back,Bakar,209.69,0.633,The Real Slim Shady,Eminem,0.949,104.5,242,324
2025-09-29,Kein Bock,Tancred,101.07,1975.32,125.27,0.718,Hand Me Downs,Mac Miller,68.98,0.677,Come Back to Earth,Mac Miller,0.272,83.41,s.w.i.m.,SOCKiTTOME,202.09,0.625,No Hope (The Frog Song),Robert Grace,0.939,126.01,186,223
2025-10-06,Rock & Roll,Oliver Malcolm,226.64,2329.28,129.73,0.671,"We All Lift Together (From ""Warframe"")",Keith Power,67.18,0.581,Degrade Me,TX2,0.266,96.68,Monopoly Money,Moon Walker,207.9,0.29,The Real Slim Shady,Eminem,0.949,104.5,278,352
2025-10-13,Guava Jelly,Royce Fisherman,452.97,3246.06,124.85,0.716,YOU HAUNT ME,Citizen,71.75,0.439,Toccata,Luca Sestak,0.279,172.76,Sunset,Welyn,203.83,0.574,not exactly happy.,Aim Vision,0.975,124.99,425,571
2025-10-20,Wolke 4,Philipp Dittberner,63.6,1207.3,127.15,0.705,Say My Peace,Khary,74.5,0.725,Chandelier,Will Paquin,0.331,86.96,HEARTSTICKY!,Cemetery Drive,195.94,0.678,Rich Girls in Destin,Swang,0.938,117.04,198,264
2025-10-27,Nein,MAS,120.06,1157.05,122.75,0.705,Fish on Land,Blood Red Sun,66.01,0.636,Monopoly Money,Moon Walker,0.29,207.9,Monopoly Money,Moon Walker,207.9,0.29,DOOF DOOF,PI3RC3,0.979,119.98,253,348
2025-11-03,Fish on Land,Blood Red Sun,213.49,1316.09,113.7,0.691,Fish on Land,Blood Red Sun,66.01,0.636,Toccata,Luca Sestak,0.279,172.76,Falling Before You,Yxng Davi,205.6,0.329,BlindLife,YDE,0.959,109.96,196,267
2025-11-10,NOBODY,ZEP,194.21,1157.29,123.8,0.713,Fish on Land,Blood Red Sun,66.01,0.636,Degrade Me,TX2,0.266,96.68,Show Me A Trick,Melodial,200.89,0.579,Hold On,Ren,0.942,100.02,176,229
2025-11-17,OFF MY NUTTT,The Skinner Brothers,164.72,934.34,127.21,0.762,Fish on Land,Blood Red Sun,66.01,0.636,Monopoly Money,Moon Walker,0.29,207.9,Monopoly Money,Moon Walker,207.9,0.29,White Rabbit,Tame Your Fears,0.937,109.84,55,72
2025-11-24,No More Beer,Lipka,34.91,829.41,122.62,0.723,Fish on Land,Blood Red Sun,66.01,0.636,jump the gun,jak demo,0.372,175.02,BRAINROT,grandson,184.04,0.489,Little Lucille,Karmic,0.964,111.04,77,101
2025-12-01,MOMENTUM,Max Volante,170.12,1173.92,131.09,0.692,THE PROBLEM,Tae Hauk,72.14,0.744,jump the gun,jak demo,0.372,175.02,Depressing Summer,Lolnein,191.97,0.466,Climate Crisis Love Song,Naethan Apollo,0.977,124.02,237,315
2025-12-08,Me No Evil,Abhi The Nomad,42.15,506.71,128.88,0.723,Fish on Land,Blood Red Sun,66.01,0.636,Toccata,Luca Sestak,0.279,172.76,Monopoly Money,Moon Walker,207.9,0.29,Lil Bit,No-uh,0.97,113.01,123,163
